M,slope,System
Mg,1.00000002760537,Glutathione
Mn,0.999999999686007,Glutathione
Zn,0.0169187693132258,Glutathione
Ca,0.99999022551955,Glutathione
