M,slope,System
Mg,0.970658542987463,NTPs only
Mn,0.138748579236377,NTPs only
Zn,0.044476541651487,NTPs only
Ca,0.496445017669754,NTPs only
